-- ─────────────────────────────────────────────────────────────────────────────
-- Seed data for AI Agent Demo — all values are fictional
-- ─────────────────────────────────────────────────────────────────────────────

-- ── Accounts ──────────────────────────────────────────────────────────────────
INSERT INTO ACCOUNTS VALUES ('ACC001', 'Alice Johnson',    'SAVINGS',        125000.00, 'Retail Banking',    '2021-03-15');
INSERT INTO ACCOUNTS VALUES ('ACC002', 'Bob Martinez',     'CURRENT',        340000.00, 'Retail Banking',    '2019-07-22');
INSERT INTO ACCOUNTS VALUES ('ACC003', 'Carol Patel',      'FIXED_DEPOSIT',  800000.00, 'Corporate Banking', '2020-01-10');
INSERT INTO ACCOUNTS VALUES ('ACC004', 'David Chen',       'SAVINGS',         45000.00, 'Retail Banking',    '2022-06-01');
INSERT INTO ACCOUNTS VALUES ('ACC005', 'Eva Williams',     'CURRENT',        210000.00, 'Corporate Banking', '2018-11-30');
INSERT INTO ACCOUNTS VALUES ('ACC006', 'Frank Kumar',      'SAVINGS',         78000.00, 'Rural Banking',     '2023-02-14');
INSERT INTO ACCOUNTS VALUES ('ACC007', 'Grace Lee',        'FIXED_DEPOSIT', 1200000.00, 'Corporate Banking', '2017-05-20');
INSERT INTO ACCOUNTS VALUES ('ACC008', 'Henry Thompson',   'CURRENT',        155000.00, 'Retail Banking',    '2020-09-08');
INSERT INTO ACCOUNTS VALUES ('ACC009', 'Isla Sharma',      'SAVINGS',         32000.00, 'Rural Banking',     '2024-01-05');
INSERT INTO ACCOUNTS VALUES ('ACC010', 'James Wilson',     'CURRENT',        480000.00, 'Corporate Banking', '2016-12-18');

-- ── Transactions (Jan–Feb 2026) ────────────────────────────────────────────────
-- Retail Banking
INSERT INTO TRANSACTIONS(ACCOUNT_NUMBER,TRANSACTION_DATE,AMOUNT,TRANSACTION_TYPE,DEPARTMENT,DESCRIPTION)
VALUES ('ACC001','2026-01-05', 50000.00,'CREDIT','Retail Banking','Salary credit');
INSERT INTO TRANSACTIONS(ACCOUNT_NUMBER,TRANSACTION_DATE,AMOUNT,TRANSACTION_TYPE,DEPARTMENT,DESCRIPTION)
VALUES ('ACC001','2026-01-12',-15000.00,'DEBIT', 'Retail Banking','Utility bill payment');
INSERT INTO TRANSACTIONS(ACCOUNT_NUMBER,TRANSACTION_DATE,AMOUNT,TRANSACTION_TYPE,DEPARTMENT,DESCRIPTION)
VALUES ('ACC001','2026-01-28', 20000.00,'CREDIT','Retail Banking','Freelance income');
INSERT INTO TRANSACTIONS(ACCOUNT_NUMBER,TRANSACTION_DATE,AMOUNT,TRANSACTION_TYPE,DEPARTMENT,DESCRIPTION)
VALUES ('ACC002','2026-01-03', 75000.00,'CREDIT','Retail Banking','Business revenue');
INSERT INTO TRANSACTIONS(ACCOUNT_NUMBER,TRANSACTION_DATE,AMOUNT,TRANSACTION_TYPE,DEPARTMENT,DESCRIPTION)
VALUES ('ACC002','2026-01-15',-30000.00,'DEBIT', 'Retail Banking','Supplier payment');
INSERT INTO TRANSACTIONS(ACCOUNT_NUMBER,TRANSACTION_DATE,AMOUNT,TRANSACTION_TYPE,DEPARTMENT,DESCRIPTION)
VALUES ('ACC004','2026-01-10', 10000.00,'CREDIT','Retail Banking','Transfer received');
INSERT INTO TRANSACTIONS(ACCOUNT_NUMBER,TRANSACTION_DATE,AMOUNT,TRANSACTION_TYPE,DEPARTMENT,DESCRIPTION)
VALUES ('ACC004','2026-01-20', -5000.00,'DEBIT', 'Retail Banking','Grocery purchase');
INSERT INTO TRANSACTIONS(ACCOUNT_NUMBER,TRANSACTION_DATE,AMOUNT,TRANSACTION_TYPE,DEPARTMENT,DESCRIPTION)
VALUES ('ACC008','2026-01-08', 90000.00,'CREDIT','Retail Banking','Project milestone payment');
INSERT INTO TRANSACTIONS(ACCOUNT_NUMBER,TRANSACTION_DATE,AMOUNT,TRANSACTION_TYPE,DEPARTMENT,DESCRIPTION)
VALUES ('ACC008','2026-01-22',-45000.00,'DEBIT', 'Retail Banking','Equipment purchase');

-- Corporate Banking
INSERT INTO TRANSACTIONS(ACCOUNT_NUMBER,TRANSACTION_DATE,AMOUNT,TRANSACTION_TYPE,DEPARTMENT,DESCRIPTION)
VALUES ('ACC003','2026-01-02',500000.00,'CREDIT','Corporate Banking','FD maturity credit');
INSERT INTO TRANSACTIONS(ACCOUNT_NUMBER,TRANSACTION_DATE,AMOUNT,TRANSACTION_TYPE,DEPARTMENT,DESCRIPTION)
VALUES ('ACC005','2026-01-06',250000.00,'CREDIT','Corporate Banking','Corporate revenue');
INSERT INTO TRANSACTIONS(ACCOUNT_NUMBER,TRANSACTION_DATE,AMOUNT,TRANSACTION_TYPE,DEPARTMENT,DESCRIPTION)
VALUES ('ACC005','2026-01-18',-120000.00,'DEBIT','Corporate Banking','Tax payment');
INSERT INTO TRANSACTIONS(ACCOUNT_NUMBER,TRANSACTION_DATE,AMOUNT,TRANSACTION_TYPE,DEPARTMENT,DESCRIPTION)
VALUES ('ACC007','2026-01-14',800000.00,'CREDIT','Corporate Banking','Investment return');
INSERT INTO TRANSACTIONS(ACCOUNT_NUMBER,TRANSACTION_DATE,AMOUNT,TRANSACTION_TYPE,DEPARTMENT,DESCRIPTION)
VALUES ('ACC010','2026-01-25',300000.00,'CREDIT','Corporate Banking','Contract settlement');
INSERT INTO TRANSACTIONS(ACCOUNT_NUMBER,TRANSACTION_DATE,AMOUNT,TRANSACTION_TYPE,DEPARTMENT,DESCRIPTION)
VALUES ('ACC010','2026-01-30',-180000.00,'DEBIT','Corporate Banking','Operational expenses');

-- Rural Banking
INSERT INTO TRANSACTIONS(ACCOUNT_NUMBER,TRANSACTION_DATE,AMOUNT,TRANSACTION_TYPE,DEPARTMENT,DESCRIPTION)
VALUES ('ACC006','2026-01-07', 25000.00,'CREDIT','Rural Banking','Crop sale proceeds');
INSERT INTO TRANSACTIONS(ACCOUNT_NUMBER,TRANSACTION_DATE,AMOUNT,TRANSACTION_TYPE,DEPARTMENT,DESCRIPTION)
VALUES ('ACC006','2026-01-19', -8000.00,'DEBIT', 'Rural Banking','Farm supply purchase');
INSERT INTO TRANSACTIONS(ACCOUNT_NUMBER,TRANSACTION_DATE,AMOUNT,TRANSACTION_TYPE,DEPARTMENT,DESCRIPTION)
VALUES ('ACC009','2026-01-11', 12000.00,'CREDIT','Rural Banking','Government subsidy');
INSERT INTO TRANSACTIONS(ACCOUNT_NUMBER,TRANSACTION_DATE,AMOUNT,TRANSACTION_TYPE,DEPARTMENT,DESCRIPTION)
VALUES ('ACC009','2026-01-23', -3500.00,'DEBIT', 'Rural Banking','Irrigation equipment');

-- February 2026
INSERT INTO TRANSACTIONS(ACCOUNT_NUMBER,TRANSACTION_DATE,AMOUNT,TRANSACTION_TYPE,DEPARTMENT,DESCRIPTION)
VALUES ('ACC001','2026-02-05', 50000.00,'CREDIT','Retail Banking','Salary credit Feb');
INSERT INTO TRANSACTIONS(ACCOUNT_NUMBER,TRANSACTION_DATE,AMOUNT,TRANSACTION_TYPE,DEPARTMENT,DESCRIPTION)
VALUES ('ACC002','2026-02-03', 80000.00,'CREDIT','Retail Banking','Business revenue Feb');
INSERT INTO TRANSACTIONS(ACCOUNT_NUMBER,TRANSACTION_DATE,AMOUNT,TRANSACTION_TYPE,DEPARTMENT,DESCRIPTION)
VALUES ('ACC005','2026-02-10',200000.00,'CREDIT','Corporate Banking','Q1 advance payment');
INSERT INTO TRANSACTIONS(ACCOUNT_NUMBER,TRANSACTION_DATE,AMOUNT,TRANSACTION_TYPE,DEPARTMENT,DESCRIPTION)
VALUES ('ACC007','2026-02-15',600000.00,'CREDIT','Corporate Banking','Bond maturity');
INSERT INTO TRANSACTIONS(ACCOUNT_NUMBER,TRANSACTION_DATE,AMOUNT,TRANSACTION_TYPE,DEPARTMENT,DESCRIPTION)
VALUES ('ACC006','2026-02-08', 18000.00,'CREDIT','Rural Banking','Dairy produce sale');

-- ── Loans ─────────────────────────────────────────────────────────────────────
INSERT INTO LOANS(ACCOUNT_NUMBER,LOAN_TYPE,PRINCIPAL_AMOUNT,OUTSTANDING_AMOUNT,STATUS,DEPARTMENT)
VALUES ('ACC001','HOME',    2000000.00,1450000.00,'ACTIVE',    'Retail Banking');
INSERT INTO LOANS(ACCOUNT_NUMBER,LOAN_TYPE,PRINCIPAL_AMOUNT,OUTSTANDING_AMOUNT,STATUS,DEPARTMENT)
VALUES ('ACC002','AUTO',     600000.00,  250000.00,'ACTIVE',    'Retail Banking');
INSERT INTO LOANS(ACCOUNT_NUMBER,LOAN_TYPE,PRINCIPAL_AMOUNT,OUTSTANDING_AMOUNT,STATUS,DEPARTMENT)
VALUES ('ACC004','PERSONAL', 150000.00,  150000.00,'DEFAULTED', 'Retail Banking');
INSERT INTO LOANS(ACCOUNT_NUMBER,LOAN_TYPE,PRINCIPAL_AMOUNT,OUTSTANDING_AMOUNT,STATUS,DEPARTMENT)
VALUES ('ACC005','HOME',    5000000.00,3200000.00,'ACTIVE',    'Corporate Banking');
INSERT INTO LOANS(ACCOUNT_NUMBER,LOAN_TYPE,PRINCIPAL_AMOUNT,OUTSTANDING_AMOUNT,STATUS,DEPARTMENT)
VALUES ('ACC008','AUTO',     800000.00,       0.00,'CLOSED',    'Retail Banking');
INSERT INTO LOANS(ACCOUNT_NUMBER,LOAN_TYPE,PRINCIPAL_AMOUNT,OUTSTANDING_AMOUNT,STATUS,DEPARTMENT)
VALUES ('ACC006','PERSONAL', 200000.00,   80000.00,'ACTIVE',    'Rural Banking');
INSERT INTO LOANS(ACCOUNT_NUMBER,LOAN_TYPE,PRINCIPAL_AMOUNT,OUTSTANDING_AMOUNT,STATUS,DEPARTMENT)
VALUES ('ACC009','EDUCATION', 350000.00, 280000.00,'ACTIVE',    'Rural Banking');
INSERT INTO LOANS(ACCOUNT_NUMBER,LOAN_TYPE,PRINCIPAL_AMOUNT,OUTSTANDING_AMOUNT,STATUS,DEPARTMENT)
VALUES ('ACC010','HOME',   10000000.00,7500000.00,'ACTIVE',    'Corporate Banking');
INSERT INTO LOANS(ACCOUNT_NUMBER,LOAN_TYPE,PRINCIPAL_AMOUNT,OUTSTANDING_AMOUNT,STATUS,DEPARTMENT)
VALUES ('ACC003','PERSONAL', 500000.00,       0.00,'CLOSED',    'Corporate Banking');
INSERT INTO LOANS(ACCOUNT_NUMBER,LOAN_TYPE,PRINCIPAL_AMOUNT,OUTSTANDING_AMOUNT,STATUS,DEPARTMENT)
VALUES ('ACC007','AUTO',    1200000.00,  400000.00,'ACTIVE',    'Corporate Banking');
